Beta,Gamma,Initial_Infected,Population,Days,Peak_Infected
0.15614360200540772,0.2755781670292169,22,1014,130,22.0
0.21548735431846927,0.4487984088633047,14,1305,151,14.0
0.5895830562736536,0.21336324093144454,6,816,143,240.64744280977015
0.27084972639835536,0.32173219503687966,42,1696,69,42.0
0.8879772892734887,0.24653004087375874,37,1538,187,638.9081505233257
0.6635570631764958,0.052233425648969614,11,1150,174,876.0839040472399
0.4581268062800107,0.45807557523145115,43,644,70,43.0
0.14260312128525698,0.1872469755162245,44,825,183,44.0
0.5006163148164594,0.33486233927212705,2,848,64,56.52130022799983
0.10749590911764521,0.1703323370388208,19,704,174,19.0
0.3520916563945746,0.21717836092473353,1,1778,144,157.47713089484853
0.13791091032285657,0.221630876568697,37,610,143,37.0
0.9902039049807083,0.4582094629643769,15,1628,130,340.92160899515454
0.3100555593473873,0.3391045596706581,44,1249,140,44.0
0.541949526277107,0.09416204847380462,31,716,107,402.47801756408336
0.9953495153785358,0.42322140760369376,9,617,155,152.90465767182604
0.8320768695678344,0.2171154824734871,4,796,152,344.71393904538587
0.20774472419592885,0.39780269126290135,21,1088,97,21.0
0.8314305390961417,0.4287290263557305,25,1581,144,262.29422209183866
0.30277209869350163,0.38093975303927063,10,1337,111,10.0
0.8822512997202402,0.12961685030820536,40,767,73,490.545780174199
0.6701656830194402,0.16051065192039268,35,534,154,252.55953140723267
0.7257053422546395,0.3957245190742731,6,916,142,127.04452776141642
0.7676797089924581,0.43815569605203003,2,1467,114,175.1002847401081
0.16411156264970017,0.2501315392416163,4,616,100,4.0
0.6290086904507842,0.3052594076815636,45,1063,173,212.1424634850987
0.17024818686910198,0.09213932320716661,16,1560,181,210.16767539979276
0.4997830675488927,0.36342397507435176,17,1085,98,59.598173803788214
0.9618615367321586,0.08089079526987109,27,740,163,571.2003095720071
0.10296776277275702,0.21967356270479427,13,1646,196,13.0
0.6920061389213149,0.32698453256122195,3,1096,77,208.52986217433764
0.5818137390088395,0.17880536502657163,26,1104,173,400.9013489099994
0.9131705061243004,0.48855586753339453,33,1483,131,234.95440682799284
0.8934250988345123,0.3575718306938338,8,676,96,180.57990020323743
0.22808326101910212,0.3790780562927697,27,1585,117,27.0
0.3586229897066535,0.22101814775794548,23,920,126,96.56407804902327
0.6825140356552614,0.37381841603154115,33,1145,109,171.96620625720158
0.9260660375211885,0.41507972378470104,21,662,63,153.14902918393977
0.912010201951553,0.40875396990814006,8,1062,119,231.83140446161303
0.20582588106726799,0.3522910060907258,11,864,93,11.0
0.26666942234789015,0.43703870256163463,27,1537,57,27.0
0.13122339593252,0.38485726680958016,15,1826,103,15.0
0.6956035422649854,0.43528073920930144,19,1128,124,110.88863470703227
0.2861244103597584,0.49840362707685376,16,557,98,16.0
0.11393176475068811,0.3019126212361253,28,1519,130,28.0
0.2027961621622255,0.32204850149539477,20,1989,196,20.0
0.10346525346485942,0.12531057757069264,33,1083,67,33.0
0.7286984549005907,0.3785835802555192,3,1156,105,178.5147312421391
0.11587068801394537,0.2099730894219135,17,1622,144,17.0
0.5386826836503421,0.4658113711881034,29,741,180,33.508141599342736
0.9997906347716862,0.12260502433824016,1,733,125,503.91747157268753
0.4656623337351816,0.2297611866580519,46,850,68,167.0503719022571
0.5589322807231439,0.3341968637393236,29,539,110,73.31093894737361
0.3723318847442605,0.3028664909324954,29,960,91,42.82578299464093
0.8658046521318683,0.29109413642799,1,1098,86,366.7924865441722
0.33476319580062186,0.46897228844001176,15,1885,152,15.0
0.4068021643187696,0.29513198216043596,32,1363,165,83.22969777487023
0.26875874217394385,0.08756240558918252,45,1743,55,572.9212920817487
0.11850837318507929,0.37844033955127065,48,1911,160,48.0
0.1873044721021106,0.4398846163860686,47,851,199,47.0
0.43221742853657397,0.24913018717180774,17,500,152,66.1125723170423
0.4397517431971937,0.17254494250876923,48,1192,74,324.19456316410015
0.27870279156996236,0.14172815277832201,32,1956,179,315.527282612162
0.8690170960770192,0.3827243385226523,26,1296,111,300.18375235434485
0.9686878713360211,0.06042379271596631,20,1647,162,1357.502190523949
0.6866495235854049,0.4018544529362701,17,1461,89,170.43553057730963
0.10150734621082969,0.44639950089530417,23,701,110,23.0
0.6598732500972623,0.1205683654199197,49,1993,187,1101.3256809701356
0.103015028684436,0.19732371642734053,23,1273,60,23.0
0.8227584956149117,0.24699748630870794,9,545,120,208.91628508545648
0.12428173554686511,0.28161077996024786,47,1881,104,47.0
0.4200635516985298,0.10184397966949818,5,1064,64,465.0154227250927
0.5412274264513453,0.33501980459413594,37,1024,84,116.07961215033751
0.1141586726140272,0.11888706029941293,37,1216,158,37.0
0.8923504271982227,0.31179974353622064,5,1925,107,609.1953676635417
0.26745508641294163,0.4276925652466035,8,1810,185,8.0
0.937899029908583,0.39039692253322283,5,1209,113,299.5983007615299
0.9928313855314671,0.07032703251650042,28,1379,135,1112.0278877714832
0.6255892600228886,0.34950495965814765,22,1898,159,249.99259876798442
0.6435486939191002,0.20598545270341373,6,1094,164,375.348131093558
0.9431594171316066,0.381620644427871,12,1802,115,472.98775356475085
0.7386100426497704,0.3536385474749667,21,1033,91,201.9757315939367
0.16517988904793623,0.05421821306307154,26,1264,167,403.98042576884
0.6322109095139008,0.4293021387802584,3,1243,153,78.61668637011562
0.19045607935350994,0.15489682481707318,2,1736,154,34.342966443613186
0.6543713405870459,0.44125868199415474,1,575,139,37.253499406502655
0.19762766299475387,0.21383636325430322,37,678,147,37.0
0.41345490810687335,0.22090855023867195,4,1477,59,204.77021438708198
0.4796862600432785,0.4490700303766759,16,1288,98,17.965997333223775
0.9858985450064713,0.30056716633679076,40,1960,61,759.3830939482807
0.5259008171005009,0.30848946323295234,7,912,183,101.42816933161032
0.32845243031219823,0.21891965538796615,34,810,80,76.73911622122013
0.45987332801312464,0.3702470557871294,39,1600,173,66.39430134994655
0.7771979647485215,0.48780152896063517,35,1764,161,176.59680076857336
0.14203124810185486,0.3344999634120028,16,959,55,16.0
0.5298893260550493,0.0913682681501645,8,882,172,492.82843557710015
0.2813449762402702,0.388854348988147,14,1989,73,14.0
0.5608776869552144,0.3695652577083901,25,1949,116,153.87135543434744
0.23924642841346946,0.210495524813208,36,1515,152,43.91340538154445
0.4064711431276937,0.39044103776967354,49,519,182,49.0
0.5576588372404804,0.25309186287030383,47,1962,186,418.57970635530114
0.6773630902399234,0.1916771228690866,26,1974,91,782.2027537722597
0.13614492339000345,0.09077012222446611,1,1061,182,68.36626962044046
0.3574108618577576,0.49948223151941956,31,863,191,31.0
0.23402006391134353,0.3378559802598233,15,1285,199,15.0
0.6091350823943096,0.17500643839712426,21,1830,172,708.9064575098034
0.14947944711021396,0.3585834518284446,47,1160,65,47.0
0.16354340402167072,0.06269967192346493,46,1657,181,439.8646827119403
0.4697675556876042,0.13644315943437182,45,977,188,377.50530980523155
0.16891515242826205,0.22467055212327902,5,1200,58,5.0
0.46239850808202565,0.1858566803031093,28,1784,97,450.6331698175186
0.7232529869007598,0.19854632346669865,43,527,141,228.58889240520622
0.8925038331749222,0.24163524990663987,3,1881,130,795.2497554858267
0.3593626696531589,0.25801795483178236,45,1328,77,94.42570471679807
0.4290051139415767,0.37566080685916514,7,1399,195,17.77688984594073
0.3963890461713526,0.33428399314674256,7,1743,143,29.125481375277804
0.9049614412999731,0.33662493532228416,44,1946,73,584.4928580873852
0.9116674754843531,0.08729515826426093,16,948,173,703.0939774197323
0.25232818056251405,0.3056092449895882,31,1252,188,31.0
0.746302267576908,0.46626890398888615,27,751,94,84.7614603013225
0.8757240652160617,0.3180131306652721,29,1015,168,318.5603776954014
0.8307880669331618,0.10057431266471865,14,1480,85,1003.0932869715645
0.33773116774714235,0.3252394456853859,45,1587,108,45.13118507646652
0.5335913083215192,0.3590650603108183,32,653,148,64.97432091496987
0.716899378118734,0.2586590897899345,26,517,100,164.9997351655186
0.11190577651842382,0.08894790410700251,7,713,108,21.907868227511543
0.6062054439174672,0.24342587664185572,40,1884,103,488.90165858210486
0.9010330089144012,0.1982838920721341,33,762,112,389.8478931127518
0.18493623656448138,0.3816724926295551,1,1433,174,1.0
0.736646848104348,0.2783138046139477,37,1203,99,351.8861878904021
0.42346878000626764,0.3719186732037322,34,989,109,38.67996728320898
0.9057844653747563,0.10312813709819374,3,1023,189,716.3704792311194
0.6105333817034858,0.47241446531466463,21,1512,70,61.052955788182175
0.33387281986514994,0.18848928819683514,10,1833,98,220.2474799726913
0.5114299961841454,0.06175911972839275,41,929,77,614.4961403084143
0.21682550996915687,0.35843837204459594,47,843,124,47.0
0.40785859113714495,0.23488101370479114,13,907,123,108.79334701996126
0.27393062718695305,0.14985994482995016,26,1622,82,220.68459910408092
0.5711538516228954,0.2138333196072153,23,875,155,252.17098796095814
0.26271680261632546,0.10660484924113353,2,1266,107,299.6726978136958
0.3383728132872035,0.4122765211218989,13,1567,144,13.0
0.45458922407018165,0.4797751570178766,24,698,138,24.0
0.8511474767383942,0.11810400335171359,39,1131,176,734.783976789028
0.6362855196307209,0.33106851685117755,12,1344,103,209.09332020565984
0.8896154579065627,0.3707116809157306,46,732,120,202.62059524133883
0.19220295271971954,0.3384936754464045,30,1278,159,30.0
0.2888851343339158,0.10959192350754819,15,1627,184,433.1661986970522
0.2912162522467829,0.2529601846768853,13,1074,189,21.365749024958134
0.8188875357828188,0.09042505960326652,29,1872,67,1314.7157090589822
0.7986963603339428,0.24178704875469736,2,1378,168,513.5344450764072
0.5738543366403194,0.2553762280140616,48,1602,167,359.28554875226257
0.8088985367679637,0.43994985494177263,39,1047,139,168.03626161920397
0.5813838145460274,0.13554097663741504,25,1517,56,702.2264571717081
0.6612027383939859,0.286445307246678,16,1956,60,442.3049245827917
0.2531230157723227,0.21786363156236332,2,632,173,8.26087483200333
0.4824389652951315,0.19529051434185513,24,841,147,215.77120672863356
0.7434797288310828,0.4494502553413026,23,1964,70,209.2542616602573
0.5314000688901607,0.24020741462544554,33,1134,166,245.78320935264867
0.995795653990282,0.16952163511244261,13,1752,99,1035.1089353186628
0.5235538836268898,0.20583158725949602,14,1184,127,308.98907715676296
0.33006769901738753,0.3950258109415117,7,1851,91,7.0
0.5979765728317876,0.45191980262264103,6,1110,123,42.580371640233665
0.6874168329666055,0.416426234531587,6,1555,121,155.38787791444298
0.7614929034238181,0.17291574594116876,20,1136,94,548.6153342390818
0.2610758760188552,0.0546380238767381,21,1126,108,542.5036887963953
0.7641183239866137,0.2761491915463473,9,1743,136,524.7340748595486
0.7385686489255184,0.21864477742546562,2,1980,70,747.6501618053946
0.28825397206765696,0.18989413279001005,42,1904,173,158.58695627398654
0.496775392775467,0.49839437752274884,12,1862,174,12.0
0.8437969360132074,0.46305804678932644,6,1296,52,176.8355256779665
0.2181235599334584,0.10526608676702251,45,774,129,154.92234341540237
0.5880450903730405,0.2883811343079164,34,1619,166,297.1992327830531
0.4372949197081434,0.05687949632777923,12,683,167,433.21501421067205
0.8711782043006796,0.38385518131361585,45,571,164,148.73821767920953
0.8591753249090984,0.38239926798584445,38,1542,96,354.3172858039028
0.22339810241824842,0.3995621304771647,27,1155,171,27.0
0.6784943897680691,0.47831008377369943,32,1459,124,99.70896412803735
0.8160783876449333,0.15006816658432748,46,917,170,515.9697576040434
0.155685806778016,0.10735383097504361,18,1576,77,99.19159999032502
0.12296593369300549,0.20883826623145146,3,1151,125,3.0
0.916269985364027,0.37634127657320626,39,1529,115,404.09015835676195
0.7830116910396065,0.3023783979486489,29,1757,155,489.611505739343
0.27698903756158716,0.3310789092862121,46,866,163,46.0
0.3000062235054849,0.381657151078298,46,749,105,46.0
0.22753535631466387,0.4820425293392719,47,1818,74,47.0
0.11311926876245411,0.1744174289674593,18,968,171,18.0
0.26034504699870764,0.3270660170598677,26,1394,60,26.0
0.5397106031274382,0.3492266788046467,10,1599,57,126.99993831639725
0.9061390438707684,0.15868575105135402,34,923,171,534.2359680739537
0.893648239809097,0.13456445810264994,38,521,128,330.2314761491003
0.8350160556498215,0.4438972759401821,1,1480,159,216.1757846263318
0.5514637990684937,0.47953202473563833,18,1623,181,31.007493850952144
0.14989268952678858,0.12434423435283208,36,1153,84,48.55923334993144
0.25823298265073724,0.3684240200355485,1,1785,120,1.0
0.4748029963404877,0.4547953252763557,31,1601,173,31.610816866804065
0.7792838561146311,0.07902989369589607,28,534,111,386.21497847770246
0.5617602261110853,0.11448264680088319,8,1039,126,526.4154049557889
0.7213762584647307,0.4674491654750555,22,1214,90,107.84887675545065
0.21833663750500376,0.19625217345156692,27,1513,61,32.770625953879595
0.21025942431363343,0.48531170956801445,5,1933,173,5.0
0.4720621295967492,0.46305090661003184,44,1191,129,44.0
0.22240462726592844,0.39469296060628956,3,1382,50,3.0
0.4598266703781595,0.05357051017139109,47,693,64,464.2727548562336
0.12206021356070317,0.4870253634721297,10,1325,186,10.0
0.4923996326103004,0.12284262243287898,10,1605,57,692.3839263287813
0.14253130857432394,0.4150634678530123,32,1356,168,32.0
0.314596866865702,0.3967352494375911,8,1881,181,8.0
0.1065079912896907,0.4984636855710238,23,1115,174,23.0
0.8270262824620657,0.21419447507181388,3,514,85,224.84141366951584
0.8567503474991437,0.42776302797805393,26,1762,86,314.5618505287167
0.24430733402148372,0.43481528241442063,37,784,142,37.0
0.8355406026970986,0.37079321223935946,1,1381,150,298.53525028175875
0.867047067999733,0.48009152069814426,46,1665,97,247.11957972336984
0.9798155502658146,0.156386331422008,45,1786,186,1096.5812883578676
0.9258972597729614,0.22449531381704624,7,1921,172,895.8155500005355
0.5099758967678588,0.3751178850407136,1,1031,181,42.08336411987206
0.5547724256190253,0.09655155494155732,25,1678,167,937.432449539201
0.48490189418994134,0.21177634093533787,16,1057,87,234.1338758414592
0.3791583706936633,0.12651424266826888,31,1024,157,333.81301159032205
0.5647921714728011,0.1331727770117422,31,1503,106,691.5348367007949
0.2612459015250903,0.25003464208310655,48,1083,109,48.0
0.45000192640529124,0.2899792917227452,14,1499,73,123.05398293988867
0.5930155337525038,0.07630040237104463,25,1721,166,1111.3184625490242
0.8422691351935778,0.4229473993218354,18,1997,131,346.55303227223317
0.27566897562001175,0.47133330366314563,27,1082,185,27.0
0.21728736774813012,0.4863908899632572,36,1656,196,36.0
0.2819473985657903,0.4770728020555368,45,1771,67,45.0
0.7705191211240436,0.2344890631588239,42,858,114,331.68830920383607
0.3037659701363017,0.33182856022118734,14,1233,185,14.0
0.4415774143862885,0.0713448238644602,21,1149,170,659.5196983805561
0.7387175567620443,0.2919748827752312,45,1820,171,497.51123205001915
0.9449339942305067,0.3044597659151124,24,979,160,357.01009588608326
0.822684640773069,0.23515599014647565,21,1251,119,503.3303550688427
0.742130321686665,0.4072068957212821,1,1531,114,203.83924597087665
0.26395860136183735,0.3797329531926457,5,858,74,5.0
0.1805691966151528,0.45003581230854545,30,1798,73,30.0
0.2597908863202384,0.43317029004348656,39,1733,95,39.0
0.5138749171657934,0.24909328988929097,4,1738,115,305.6481054364506
0.9863862111672642,0.32448555473460505,21,937,128,334.8377353777525
0.7281801381127754,0.4474099946350257,1,1755,102,163.94625920535404
0.5746994165624889,0.48617374596734775,2,1216,181,17.415724193946478
0.5153315839683789,0.3638093244870573,33,1185,102,84.59618122399658
0.6210442194031619,0.11413195800187366,40,575,182,320.4599125175305
0.2129155125164541,0.256565520588746,11,1016,104,11.0
0.31368499471840117,0.09405768800849085,30,539,154,199.88015628800323
0.7049618381167555,0.1146872129163868,31,721,168,429.08170272245957
0.1979817051858857,0.24042413595533363,13,535,193,13.0
0.6619364784272374,0.09437301383331528,33,550,98,347.45054556701905
0.6954078087694286,0.40453300920446866,36,996,166,134.43028710654883
0.7350019127738824,0.13273206839590493,33,1207,69,676.1117710091236
0.32352323271469097,0.15936315820283337,13,1485,83,251.72726848665113
0.20974871626375197,0.14760260455069557,9,1033,179,58.05295708420964
0.9300961053276723,0.11663080305775206,2,515,111,348.50663425793806
0.17214767218264898,0.24445808592853174,39,1363,89,39.0
0.3405246208686124,0.2871814160425741,33,881,112,40.50924240554
0.6309568934396121,0.09284163209417234,48,1193,65,736.6901470719692
0.461781132458433,0.3164195284637975,12,1228,53,79.99272765666478
0.5116264732429787,0.47149277564952546,26,1485,159,29.30326802505583
0.33552890000568614,0.4166056627527566,48,1591,79,48.0
0.6780003332405737,0.47369836402625726,49,561,127,68.35567555909721
0.6395956714224447,0.4250517251063764,13,1837,106,133.9282483848641
0.4956896625940346,0.11133187235813605,22,547,156,260.53204402149
0.7577328964418193,0.22938628786134918,31,579,143,225.13247063491877
0.6123136276392946,0.16384069066750828,48,1923,156,802.2094360388259
0.48653925617696436,0.2006569372510959,43,1191,174,301.54992103066616
0.9002365248779343,0.24303765171623326,8,1156,159,492.3300550977925
0.5069219399302385,0.22154385261184678,32,662,115,157.57633060698785
0.9464774465912741,0.3422859892765153,49,989,81,321.3079292734488
0.5646734448319071,0.4882304523587071,23,1813,179,38.513946959655726
0.6267078431161647,0.25139933701227357,37,1948,160,505.55867277683484
0.352431085601421,0.37031197764597534,11,966,126,11.0
0.8577910198042751,0.41925207766886735,13,556,110,107.14881451180378
0.3752985691227856,0.18794017285095033,38,1417,180,246.88060732384767
0.4172955203914296,0.08825857014238583,4,1767,103,855.4745095718158
0.5665846371667721,0.2414892281320078,12,1639,188,375.7610440684789
0.9606901874682331,0.2153535327955921,8,1479,159,732.2092668841378
0.4558733733365843,0.24286422103476968,41,1858,53,281.44670683755845
0.8535198810207066,0.3274608801571206,5,1706,135,477.34289581950577
0.8734287179055659,0.09610996257037838,24,1932,188,1363.0463707402937
0.7186486731050528,0.4352816164969735,5,834,88,84.66305968135603
0.14634857545849883,0.0916168087984256,10,1027,140,90.59162308188465
0.6472082228293204,0.37522196823037973,13,1928,193,223.85549203998636
0.5872653823421333,0.34782516854609785,44,1904,181,226.31986559063822
0.2811285848264812,0.3960546564313242,26,1877,68,26.0
0.18448811011475474,0.38494138968636654,4,1399,133,4.0
0.8841842803250801,0.2087686913546281,11,931,105,444.1112572167537
0.3608373291184569,0.3459928323792559,4,1116,98,4.830325402819779
0.37072678062695774,0.20931356732404682,32,1075,185,145.5895911153702
0.8077254201789746,0.17725554979404973,28,665,76,336.7950322543427
0.585144445399607,0.28123682382541376,43,597,197,130.81516876763683
0.5831212425847598,0.4097425878318353,44,757,120,73.0717246694978
0.7359472194777974,0.08667910163935746,29,1231,198,839.0612254351217
0.9961940567996886,0.1860363964665665,8,1518,66,856.0617352013364
0.5739551751616193,0.07841617876388965,4,1049,81,659.2061092542438
0.9716958267757447,0.3978881088606994,13,1601,186,411.12749248322234
0.7721346825262411,0.2670449852701736,14,1239,158,396.5896836282294
0.9126705049241388,0.21962598733120497,47,751,175,363.5807563419853
0.1000708225607116,0.34392793035953884,11,1709,194,11.0
0.4035557959715963,0.3043782218345049,37,1604,56,83.88802210760059
0.12920348157910427,0.11767361777073163,37,731,125,37.676559522365025
0.7260506353865017,0.17717441375346027,30,1223,195,561.1505395752608
0.2996347040928504,0.3158762657564323,14,1801,63,14.0
0.6932775075333577,0.07410091933327807,46,1416,70,994.8408489057971
0.6907449017831252,0.22026460302504858,9,883,99,309.54416559318014
0.4866325488818958,0.4563526020355994,24,1662,186,26.25378559503489
0.3533905617676514,0.16219418344376238,39,758,197,164.81625609357184
0.5741256779917824,0.22555123261118304,42,1410,86,383.2746749634678
0.9706690480374071,0.4272663577754995,23,1397,89,326.352495040071
0.19350561977656994,0.2725788214658616,48,1310,125,48.0
0.38105912017244226,0.06337004972208281,28,1764,175,989.8072670472334
0.37020561889181647,0.34953310231258927,15,1980,64,17.507808948577207
0.3751295486301617,0.3866905583401334,39,1401,168,39.0
0.6023164988744183,0.4749931130410887,30,1739,68,68.70536783237179
0.9580584233406144,0.341427547740244,26,1065,182,345.2099401859594
0.6853715579161889,0.33937324723256357,35,1304,60,240.64256991271105
0.3748531099770749,0.1598161250962666,7,1058,74,236.44924979233343
0.5570158849524298,0.056471094217757326,37,1385,171,974.23937367956
0.12896586204291358,0.15311097213171376,19,1212,128,19.0
0.6365250526592678,0.2804981355818548,43,1495,181,342.8469323422222
0.598945867231513,0.15377942120416738,39,1402,70,605.2972921776696
0.6595572039870646,0.38092222966269396,14,1686,138,200.02642125485772
0.5935570234083184,0.28800186322238075,4,966,108,172.0835176540399
0.17865130223722314,0.49328533509050354,11,1039,111,11.0
0.45087977334945717,0.33289413016730585,29,1494,185,80.93744272734176
0.504254074287553,0.2370795884723635,2,1407,137,263.0740544170971
0.8249343012623088,0.15896665444086044,43,1330,170,725.5220984619591
0.37824626506738135,0.4688392927437313,35,998,148,35.0
0.4140905317425737,0.3535819338160143,4,814,166,12.836768341965954
0.9768264048167199,0.2911115360109335,41,793,174,321.8697544005603
0.11911227680447525,0.464608216551315,46,1577,69,46.0
0.2635174256840479,0.3882107030780788,46,964,127,46.0
0.8403684726658831,0.1376094304366156,17,1755,182,1039.7391931343589
0.919809466400785,0.0697697736352914,34,1074,89,846.7855535552211
0.18137405528109374,0.44769088829327325,1,1526,62,1.0
0.9564625154816596,0.28817866663127123,36,1244,159,484.48072029533034
0.20388177771835703,0.14901440216149783,5,1752,107,74.90621576218562
0.14145472269358317,0.4858887482496894,47,1588,88,47.0
0.4400944061429417,0.365696339870957,14,534,151,20.4193875445703
0.8585571785470089,0.23534909656142577,45,1410,153,600.3987915068934
0.6426850646579899,0.3471371243373326,14,1658,136,235.5240033531141
0.3543366564864662,0.1343535680928076,30,979,122,271.35788846172136
0.7561835264826028,0.3385125687261581,9,1297,62,278.6603519124254
0.8435081027832211,0.4312570054863083,45,1454,172,260.74800663292217
0.7532291312778178,0.47620083670098456,16,1672,141,151.71702506211005
0.4184905379223639,0.20227881014079618,11,1489,148,264.42845117588223
0.8405320640351489,0.06327806919475548,13,1355,160,1055.8245890283342
0.8868859841385032,0.41430542345396276,6,752,109,151.5498120979972
0.9907388727043012,0.14605810386195364,24,1889,70,1204.2575025901467
0.4448767274970301,0.10423928063353852,1,735,61,330.5519489438242
0.3629535743776532,0.3484395764678512,25,736,175,25.054635295590117
0.7417571156065962,0.2425350591759099,16,1952,193,666.3556878502769
0.9432582843362685,0.11971245867780446,49,1800,147,1220.8022529694445
0.9538699911276534,0.12800185688275595,13,1757,104,1164.1610900015899
0.9356134386798621,0.3639685628122112,31,1149,65,331.290412818588
0.3644562780763132,0.2061989103475676,8,973,103,118.2204805165301
0.2515689962637946,0.44046597621865496,37,1749,96,37.0
0.8320455248019154,0.20327956699046812,44,529,53,254.68117873857136
0.7093328294298569,0.31054851545473866,11,1870,125,416.0524201965716
0.28069239399121737,0.09129028229651454,27,1703,125,555.8545437831541
0.7533127117344057,0.19864605789167455,37,1367,107,586.5716511410523
0.14782009506693797,0.4466103217554857,12,1526,110,12.0
0.4499217816071486,0.058772481907967696,45,988,151,629.766026997209
0.3645502038288492,0.1953718785121274,29,860,121,133.06270539384215
0.5853903797402772,0.2693222496732806,35,940,108,202.85608462143057
0.375759486089127,0.34308666957740325,42,1749,94,46.13888149990217
0.30672339605203036,0.12147356691521599,6,796,120,198.88738212913876
0.3064284101997618,0.4921650100718086,7,1273,197,7.0
0.3122534690547276,0.10651105689096729,31,1322,93,413.1391792613964
0.9025435615844706,0.4518251539421424,7,1670,103,287.16256233579537
0.4105273260690172,0.08128171297907164,17,1593,140,808.4868609706231
0.7905637744223778,0.19315846565587957,30,1004,198,465.37098077074455
0.7028615933195891,0.3299077662827694,12,1163,132,228.20279849867185
0.6375516400364728,0.27958717035751,21,500,140,118.50543992573647
0.4246891825390977,0.2456869230868836,47,1696,57,215.63963365934956
0.47929994830937117,0.38852959418053035,23,604,64,31.563413503804888
0.13612621958061205,0.23465903904446478,28,928,101,28.0
0.5517212239255058,0.30747520893439056,33,1305,161,182.580302415059
0.1496757035265668,0.41019767525591105,42,723,94,42.0
0.8005880633523669,0.09961968947776381,42,1842,194,1232.9579992803278
0.12925578323599038,0.09944444085585766,43,1172,78,68.26507929426768
0.9048687021716855,0.11727844292221631,7,1779,53,1174.1597128170915
0.9796359005737358,0.3724663445452461,34,1766,114,518.947758332976
0.7960044216162059,0.4916624537976976,30,1765,172,183.20580296420718
0.5817081600418527,0.4640275255433371,9,1892,192,50.70562095105019
0.6903903726370447,0.13100694638954563,18,909,85,492.4298225072243
0.7858420701770669,0.47261443668097824,16,524,186,63.62376752509041
0.6334844575658941,0.2977761725855081,23,1066,130,214.1407625821592
0.6150153199066228,0.33134298188781786,47,1745,196,267.44554157466456
0.4889454679007189,0.2298222735804139,4,1090,110,204.48345692836926
0.4969586769723717,0.21926999237655448,33,594,172,141.3016588633464
0.18065320894529846,0.14017953631467872,44,1588,81,78.90937709300346
0.2990240056089096,0.40403424810160243,15,1454,161,15.0
0.9417573871648685,0.19331525826084028,19,722,158,385.6432138725462
0.24616832999076488,0.1435835839782389,36,1564,104,186.2496698149507
0.5136202668405631,0.4821475756479466,6,1749,166,9.110950006705231
0.18579161678890274,0.3287045539308458,47,710,191,47.0
0.9003919857640644,0.2761705201434762,5,1793,122,670.4430134682751
0.9413549406709054,0.1579425158849764,15,1911,137,1140.6369776159922
0.33102096292109584,0.14626677468784824,19,930,150,200.07464720777529
0.7455602442191149,0.27832759331891177,4,612,86,175.11350799261922
0.7403421519778194,0.45322760090177583,28,887,118,103.04389521665166
0.2843587219099189,0.12112414822558842,46,529,58,136.88633610867242
0.505400023374747,0.401655491973083,11,1934,160,54.401282950071874
0.7418942015631509,0.4208844889275313,35,985,153,141.1090351164381
0.43910744468832696,0.2597396196818007,37,985,113,124.66228765686287
0.23845285454807927,0.3068277028561756,29,672,98,29.0
0.4411047904209374,0.0919225548561236,30,1196,195,592.3799327329874
0.9508225207982731,0.2382953702775727,31,1754,179,799.0445985120612
0.10256200571255174,0.20107727186557206,49,591,163,49.0
0.1162767666456321,0.3570756231112676,33,1826,167,33.0
0.5785424153374524,0.1598787537836102,12,1281,187,511.9083958692531
0.9078517421074609,0.4442453642052486,5,1296,59,233.8551200361053
0.2537677035362922,0.17388898532392844,47,1671,192,128.9250166979457
0.4673996084522246,0.3178770958597124,37,1387,118,110.33467205549113
0.17712682609367936,0.11272527598904447,18,901,157,81.51882940877421
0.38801790678507786,0.20578484153611154,15,1167,96,171.14573868400004
0.528039395508536,0.08122186107122853,34,637,168,382.3374075943036
0.9403805044811343,0.4819460192777036,49,1376,132,253.00259284659677
0.6487797105948787,0.46152135388760596,31,565,90,51.796231445237765
0.422619608297955,0.056745873165057636,43,1426,72,893.6847406677584
0.17788387204395328,0.13931055922869412,38,1033,113,57.31377703067057
0.8335258839184754,0.3015570070325271,21,1757,112,537.9186403759101
0.1681938962815265,0.2354330249425795,28,1671,163,28.0
0.7308606169524083,0.05927806548047877,12,1124,154,854.6212552985581
0.5029686978146023,0.17191213786584655,14,1118,54,352.16473183449824
0.9334836312336995,0.11648208369531837,40,1127,56,763.8358510297408
0.3201960680601774,0.43168303506976907,8,1285,88,8.0
0.9558788697193521,0.40126310090013534,49,710,175,195.98058786931944
0.417709981112259,0.19125627180176175,17,789,97,161.70996550044376
0.47461549949596715,0.4241391666909103,44,870,83,46.09304634337633
0.44556486171941356,0.36875781803413143,45,1769,191,67.46312960407876
0.6655690839223899,0.17073092370544596,35,1076,110,472.6223396054481
0.19866793082252238,0.07386833090778537,21,1744,133,473.8471310487578
0.2648897312049386,0.08734913795011306,48,1492,144,486.9032348707725
0.8379780123582581,0.0721589927783789,24,740,130,558.1513854292753
0.95602362957136,0.24397464678298708,32,1512,189,687.8506462409707
0.9660894996512385,0.19165955033023152,25,1991,92,1085.3442471212402
0.5757752126646156,0.09620052764773532,21,1878,129,1070.8490062147816
0.8945518456933184,0.42650262911543396,1,1636,60,309.5727381608172
0.2367222145101047,0.20935408404981515,39,1180,75,43.68391064414364
0.4239306574208894,0.3027487053575001,23,1253,168,76.30445918025788
0.6083105055370854,0.44970040962059693,23,1568,70,79.64146921947993
0.995149410768711,0.40482460295601125,12,1164,130,305.6811070905302
0.9729739454239478,0.21210660157508732,27,1878,118,958.8684389036061
0.48245746904209763,0.22132902864396653,18,701,188,145.76912041835953
0.8059742452099878,0.3717286369390618,4,545,184,111.76302751690686
0.4131817341894559,0.2480925283231315,8,860,158,88.87490610472044
0.15941849093223584,0.31494658320917507,45,1417,182,45.0
0.5369372576537755,0.06181547632806571,28,1868,76,1252.260775844083
0.22181914730693164,0.2827909580934191,22,1694,140,22.0
0.45135220770299156,0.16580196188574056,1,1683,128,472.8475510097044
0.799192145825966,0.4386976969602253,12,1480,136,204.7457984443679
0.4138465126544538,0.16276184849766914,1,718,132,181.89196647901449
0.22220198118980633,0.3066341288166725,1,1934,124,1.0
0.6780574163338534,0.3714507702160123,44,1068,52,168.6404056590763
0.9465104955341347,0.34718684670554173,19,764,185,238.38357278553843
0.847428485267851,0.3639295374070554,16,631,158,154.00129968005882
0.5763744590401059,0.3483181846380318,44,847,127,111.59693216502112
0.8075477018796456,0.46741244728623377,35,1408,65,183.89819203800096
0.9774018151426237,0.4313015387793527,47,575,67,154.25308840175313
0.9233931889547623,0.39553129668123516,49,1632,50,407.40026775384064
0.8989237525441549,0.0513302061322995,47,1832,174,1516.237918169878
0.2786416949725111,0.3537100158465212,19,1793,178,19.0
0.7861272390825915,0.1960817770882174,16,686,97,308.9360961200234
0.3701459200734173,0.2977259345330471,34,1132,158,52.29394530735568
0.25514261423655704,0.10479684946894305,13,704,90,168.36764667579885
0.19219641447728658,0.26848488826241096,4,1120,145,4.0
0.927793484048701,0.42452693157144766,43,1415,70,316.002063362023
0.37200594766874207,0.2404007188985281,39,1649,192,149.1370403561428
0.6058211160544836,0.19359149025662237,2,1382,138,472.91097095456496
0.4794435845975469,0.08908220689457161,4,1366,180,724.962906621135
0.4273668626282655,0.45873871646193637,15,831,77,15.0
0.7746250999699335,0.393942087901542,11,1746,105,289.0303822855043
0.4400720032339872,0.4857652138960458,18,707,101,18.0
0.30076977646813885,0.050518022229478404,34,1788,193,990.1313518729133
0.1526778525066066,0.4420307207855477,21,1626,93,21.0
0.6448964826305843,0.2901862695200426,49,1128,94,257.8677824280634
0.3848611974199103,0.24283842611526585,2,1982,190,162.91762692472355
0.37034944518140034,0.47906405115558776,11,712,53,11.0
0.4876543887254048,0.18540371316380977,3,870,163,234.73723926700833
0.22797726161674775,0.48307027626159593,41,1126,184,41.0
0.7667468835060046,0.34867917241321955,32,1914,93,410.91966413939906
0.9903844775680123,0.36306762157534295,36,1259,177,393.6290194726254
0.8913774997944892,0.11313846131928738,27,658,120,440.991322565437
0.36482503898434926,0.38973798974217505,44,502,138,44.0
0.33176127991053606,0.31082034448294554,35,770,94,35.24333904340914
0.2420957041355746,0.2507564348921071,29,664,96,29.0
0.7638344469998544,0.491245405464859,8,1915,61,155.74059546537853
0.21292982557876589,0.375597518176692,47,963,196,47.0
0.8258876794680134,0.4554726035345462,15,1725,136,236.8625183779219
0.8760843706227837,0.4454170745036523,34,1439,159,256.102960366514
0.5976024651139198,0.42177906194113257,44,1687,147,119.21308766890495
0.1745200812135173,0.1189571941551166,42,1711,71,128.865630596249
0.5081648757867093,0.36461579056489835,20,1531,142,85.87722588258653
0.701182258704037,0.3530147911957108,18,697,139,124.37922562562
0.2752353448206034,0.45802607434878945,11,1405,136,11.0
0.18787553654413758,0.4416790613325946,45,1038,121,45.0
0.33842423738221783,0.36520557878791954,27,1049,86,27.0
0.7530777030826482,0.4268113416385837,44,734,86,116.99719081713427
0.31358909400081814,0.169247698676681,47,1640,89,243.5587459220274
0.6016571752858572,0.06800506707310733,46,947,101,647.4041088800183
0.14673388439260088,0.4888079068757935,37,1526,168,37.0
0.6374795058189089,0.08625556237468657,33,1507,91,958.4651352028104
0.45639926130023967,0.061909204031433684,28,994,122,622.3091101427952
0.7328275196278432,0.09462047012091425,35,1964,89,1286.055513512859
0.8480397614432958,0.16512699820260068,44,1326,71,725.5441604835307
0.16065376481801769,0.3394697682388704,33,1359,138,33.0
0.5944623532032438,0.2600006936227751,20,653,149,150.89433846217622
0.14330739912660323,0.3473050242948548,32,1919,131,32.0
0.6740690244250996,0.09635464683432687,46,972,78,611.8396520587239
0.25854880218986026,0.2120699614745702,23,1294,94,42.00568474926423
0.3020185363896544,0.11987412633934531,29,762,150,199.57877046622355
0.6272733016967247,0.3598401718718328,37,1792,140,229.47425073021188
0.2936780731779916,0.09755898689862133,25,1262,170,404.1294068401287
0.6237525553814197,0.1509219046806983,45,1645,116,750.1835469330016
0.9407000629758859,0.4380170749373188,4,868,150,175.0913105870846
0.538535961899603,0.07005014372968012,17,1779,76,1137.563286761748
0.6307061572033009,0.29626884241420964,32,1464,147,294.58419873274534
0.8549182856577985,0.22444208176233366,48,739,85,331.3460231525936
0.7839742737603019,0.34935579399777716,2,1805,157,386.45870539813774
0.7625045596118057,0.15617519438795827,35,1674,183,873.1167455082416
0.7210787429087456,0.4624154479859086,43,603,144,78.55353311070681
0.3315452431749526,0.4445603991693801,31,1403,69,31.0
0.9362347179610301,0.2150137488235061,12,1905,162,922.6960466727085
0.31739496550444246,0.37578580800642414,43,634,96,43.0
0.7735814503770506,0.10316282494504718,13,568,183,369.0340259934593
0.7989142407653624,0.4680711817498401,12,794,141,95.22419963005153
0.3918480588955582,0.28559278569577723,8,669,163,34.139677549590814
0.5730195048058828,0.4534952954088775,25,1051,56,46.547522791046184
0.7134288047197007,0.30598146315449204,6,1786,52,408.249554172418
0.9907995163646255,0.3912804312555934,11,535,138,150.33597862012482
0.9120590714695589,0.17050826121572576,4,988,172,544.7920910446936
0.2520906132438868,0.05851555600701131,16,837,124,374.04005131257156
0.4417200854020764,0.2646608320797972,4,1470,93,147.15581259738818
0.14561669480162093,0.1581926680319945,27,1844,137,27.0
0.4406187546667698,0.4137579536335209,2,502,62,2.8657139743342537
0.2722388040329451,0.1860008452896333,15,1933,166,122.50821064412203
0.24483075533107967,0.11017496844621685,42,747,82,167.09415241027247
0.1981593022866293,0.10899162481817332,40,1247,81,177.5760609399815
0.5942521451849855,0.15242552193018552,43,1689,87,731.2568845467929
0.8330793320570974,0.12692419849998046,5,1776,165,1095.2362284482176
0.37926383318732626,0.1355615723763694,47,1562,176,468.7552559208329
0.38765763059593505,0.3279348632988369,33,1272,96,45.18357018940971
0.11283969753240362,0.10446975825436208,38,1249,159,39.34647262247219
0.26020412220684686,0.4662831349794661,26,633,157,26.0
0.7213297451674403,0.057577047745584364,26,1064,115,812.145662033913
0.32903993985174496,0.4267118857910994,33,824,140,33.0
0.47540919521301717,0.1416959198151672,5,1594,198,580.035060862145
0.2357448755582672,0.46282875149555913,3,1751,94,3.0
0.8538863152551324,0.25910910372030965,14,1321,51,496.3097953292857
0.517935764813017,0.31023591766060604,17,728,58,83.33068369145245
0.2542068888358383,0.257076950195877,3,1098,178,3.0
0.8497101676009052,0.10550672173216621,4,730,157,487.35660316015645
0.355993916403762,0.19618869690962054,42,849,61,131.54105768546327
0.33706689520082156,0.08580067135209943,43,1405,144,593.6859528321357
0.826029952439161,0.08045315841410436,16,850,192,617.1263036774162
0.32938073104618293,0.21281504871322382,13,738,117,63.44915781601967
0.6477372967466708,0.3514861863051293,44,993,70,161.40434967402538
0.7780842884407777,0.4202171989199737,24,1824,72,268.62120553644417
0.6085602358566391,0.48553022326858586,22,1762,166,58.76136964707119
0.5394637490868053,0.12189452478719948,39,1751,193,827.732851840855
0.5672878020268629,0.38367408616815507,20,1398,126,101.72277203878046
0.8214084598283135,0.24009203615268304,38,1686,162,666.2906218600538
0.8483985408380589,0.16683115975524693,9,864,122,461.8572785725207
0.3245101177959248,0.12992584197272347,46,614,182,169.2120551050131
0.652986446492604,0.42620228400820404,49,1508,62,145.6618880835654
0.8598672978966825,0.15886689731531584,37,1462,197,816.5723201019092
0.3842433229695773,0.3347227480665134,48,1087,154,53.01713648371613
0.11762154086545146,0.2637741805304483,41,624,112,41.0
0.21517460845467548,0.30012567774152404,46,1565,124,46.0
0.9739857985697603,0.2889325421404751,10,1590,108,615.4700583914122
0.1423786797359279,0.14533265678846916,31,1335,172,31.0
0.8047891593728844,0.11475089358097375,42,554,55,357.57192993262885
0.5530514857781614,0.0802351556637717,13,1237,193,756.4385690262654
0.5018984816604968,0.22359752967236474,29,1871,107,400.9544909579924
0.5912776484301295,0.3149609694016321,33,1450,184,224.15897029268072
0.5031829848711269,0.27545698889194126,7,931,121,125.03839608332926
0.9994320945338887,0.3217759935447113,21,1840,113,665.9028467444184
0.6769102437013838,0.4257930397264734,7,569,170,53.181373233572394
0.669235789375982,0.23020463426305776,38,914,94,302.730625462231
0.6677388681651195,0.17984781464230276,22,626,97,264.24473387838276
0.5082506358717281,0.46173930029924465,10,999,86,13.694765692753935
0.12022949066075696,0.37557433799276896,45,1153,135,45.0
0.730175946028193,0.051172169207309604,48,1389,79,1091.8899689951627
0.19421253548563672,0.30195711830415484,7,1325,173,7.0
0.43297242680573655,0.11338987150052965,10,1617,82,664.2259793250917
0.45108217144737184,0.2526857020378488,8,1819,137,225.18724882239547
0.4848842062335207,0.3674428214915152,1,1371,189,46.2482049030171
0.5407428503311037,0.059342055311624634,19,1763,111,1201.6411079731022
0.9068294968186811,0.2813423470240536,29,621,153,239.66455154737108
0.8615547813822529,0.20053385434381793,4,1163,168,551.6321720689211
0.514130163624726,0.26203333362639464,25,1488,188,246.31062177708964
0.17447514256932115,0.3382285331392444,5,1044,196,5.0
0.7534024054255057,0.4568107207371224,26,1685,61,182.30330759172494
0.2623664607998807,0.3621965095032156,5,622,158,5.0
0.9218474941347715,0.20886467143438298,3,780,102,381.4086053977911
0.729951769973066,0.29743335749138305,16,1450,160,366.5289270072242
0.22039192900289695,0.1939780998181051,38,620,122,39.41162382977126
0.5816409966306151,0.26434049908486107,11,751,66,156.19992900076704
0.21632841050224288,0.3023153005935968,28,1319,146,28.0
0.15730087087598343,0.30274244627826463,37,712,57,37.0
0.716198700120264,0.4611687861735837,20,1959,64,166.44959746080127
0.2868018149862038,0.24501856873987893,27,1192,126,37.202876579969704
0.5274735370039112,0.46199734703184553,48,1037,145,52.44554773033617
0.8472079121058504,0.49270737934007364,7,1735,197,200.80141483117148
0.9182144980218983,0.16010884815006932,15,1405,131,814.3853889150713
0.3750953696698609,0.4864157015471408,2,1684,55,2.0
0.4966783423598372,0.05106253374910003,2,1735,53,1203.5705588763647
0.13327899337015803,0.43064198748170723,17,1905,132,17.0
0.5696090836372542,0.053051504257113524,43,803,143,582.7393059430017
0.45841483675435357,0.07359883018765115,48,993,172,578.5124439424714
0.8065307000595453,0.27081204132061576,26,1074,190,365.51381709898624
0.7182419340962308,0.3388745148486782,28,1705,179,338.3147219311983
0.6752494347079367,0.33211866245177374,31,1385,91,256.1398136442942
0.3518951497831526,0.35260508657961764,45,737,158,45.0
0.8561048640153521,0.2512842093355463,30,1335,160,528.656500558106
0.8984675376244693,0.4462006337410486,44,867,91,175.5056390253361
0.28166664484754345,0.11998012405304206,26,920,63,212.43275486342003
0.6542112096889273,0.3035405929270089,7,1661,73,326.553113780098
0.3672489885080089,0.4515373738922323,30,554,80,30.0
0.5011779236244576,0.28705393115885286,1,1724,106,197.2391989816706
0.11770761741516989,0.2381916323973352,33,920,127,33.0
0.9954214336473193,0.11841353264923322,10,816,99,567.5439875500942
0.7717630395368438,0.13441598899488635,19,1399,168,799.922767279779
0.32709498636504886,0.2912134389207582,6,655,69,9.590730831094056
0.8862152759695701,0.13779542154346536,20,816,81,500.4976659973441
0.9772691930491652,0.1367872844695255,23,1330,176,865.3263637771341
0.5457658957439603,0.21363853148868028,41,1707,158,459.9209656076008
0.5174010829572734,0.24465057031573534,1,1296,87,239.4558862609625
0.6164462171026704,0.17717707760182067,13,859,113,334.0088152629042
0.6805468762674322,0.30440940281187295,29,1903,137,412.95533105140834
0.6574294050371164,0.3994980936684693,45,1482,137,172.6381282953329
0.2584508128213473,0.25800202765723423,14,506,82,14.0
0.9958149512093367,0.28056919441549555,25,1747,104,724.0295508219242
0.41263162315207724,0.22699630743350785,31,1564,127,216.84808261591317
0.6630396893326393,0.4910568986560051,18,1166,139,59.7504139802092
0.36628720554558425,0.13358127688456597,38,754,92,226.5302458020861
0.2095329260365671,0.4201028424546595,42,646,137,42.0
0.5717679163258765,0.23432844160281302,43,1830,157,462.01184185033486
0.7784966497175492,0.11947022448793163,28,1260,157,769.4771867447704
0.9733463887923761,0.22875840335883735,42,1301,172,636.0816143842214
0.9190089134433175,0.10079376337282958,16,1545,52,1092.7481223601728
0.5724819061637044,0.420838442135594,7,674,181,32.73624723638834
0.6530822966525771,0.4598945509970143,6,1079,179,60.24166822946682
0.5583737246029259,0.3300478089754465,34,758,66,101.20526802392084
0.541664483754777,0.40540592432941036,20,983,137,51.42957573743294
0.27777615766764713,0.05778827619864317,34,1818,135,881.7752950633165
0.9334777326255159,0.48211617665202433,9,1294,197,210.98600700986958
0.8154169252316958,0.2242045166814976,25,1978,167,815.2360762451021
0.23193049926595558,0.3109696996743531,44,670,178,44.0
0.6147483149293106,0.06505003850001426,26,540,104,378.3774376230024
0.6345622631505526,0.21600216034823777,11,1359,170,435.9115722387835
0.27339211667136065,0.3481588159477665,23,1512,60,23.0
0.39415646651496794,0.4782871782365056,25,1472,63,25.0
0.1775306365466549,0.06302605908511366,45,1132,69,338.005070575004
0.12423945891797444,0.48702069330029063,49,613,79,49.0
0.4151485237370077,0.4610952115515931,46,1268,95,46.0
0.9213826188352005,0.4788890970221596,14,1747,172,279.6344637693443
0.20018571786057904,0.12026686296423902,10,1564,186,154.91388308560715
0.48741534724696767,0.13107524632683634,4,1215,74,489.8091851361021
0.37140961429879993,0.45399150363416035,30,1848,72,30.0
0.8929215682407834,0.37498327680951954,45,1039,170,274.3260467193086
0.9278226992244993,0.234829064507037,38,1904,126,856.8830608858011
0.3470483028728329,0.4829656544420154,4,1048,190,4.0
0.3962920299898287,0.27575064974961355,1,643,188,35.19583874513828
0.4494247988615325,0.3510959693343462,45,1048,138,65.18272528252413
0.3637196472941464,0.484163770165278,2,1148,51,2.0
0.9273428896080977,0.31127891045181316,12,1767,164,600.5561413596195
0.6037577343590738,0.324163958890254,30,1614,168,240.91000015869085
0.8066820466321579,0.4426068316078785,8,687,104,96.94042152403759
0.5761162503723394,0.3017252500530338,9,797,171,122.48305178083477
0.7818525516161857,0.1676755529526155,2,557,179,277.73535338201356
0.7015757055445397,0.2853669029509405,31,1894,59,485.2682741174323
0.9532243870583509,0.4587670770224032,35,821,168,172.8997702077377
0.28317144879694905,0.08545148079126863,21,1384,171,489.98742571254917
0.8782809180083143,0.19072962590224668,39,1544,119,781.3279255012346
0.8256111291733909,0.12189638988400033,25,1223,50,765.4035851388105
0.9851249531745887,0.4082386720878486,37,1715,183,448.5808730992226
0.15961354468431732,0.4739196421123794,30,854,94,30.0
0.782453113089432,0.18411621023290886,20,1805,112,851.230958801536
0.5332769783583562,0.49582208203768097,35,1241,128,36.553562604450725
0.49126694255467873,0.10633535709673979,37,876,141,428.08683598074447
0.3709714301377499,0.363531027279384,3,1158,104,3.188273187481429
0.4779466785172537,0.08164783318931598,25,1795,121,1001.6392398251899
0.46424966886286223,0.25384743061471726,45,1308,124,196.47953053005904
0.6566966286446745,0.2145824264441169,15,693,181,237.21310906208691
0.3779673352798477,0.45835452621437045,6,627,84,6.0
0.220758170088673,0.06689960502908264,27,1058,167,373.32303016848766
0.557230007897156,0.4520572861265716,21,1045,57,38.52111336444319
0.705023421883458,0.266355423035833,41,1313,106,383.49434867045505
0.31573839922688424,0.4161933900447688,46,1962,176,46.0
0.17086161472856004,0.14692338997146445,49,847,174,52.48279076730546
0.8841790381727312,0.30603872351686884,15,1534,175,497.01279272140755
0.6466310042762327,0.19896587216961997,15,1878,199,677.6762727274789
0.6238617109528684,0.15791910099163572,40,1365,116,601.5893140816461
0.7110575482693695,0.4062592246730145,3,641,116,77.38662574354072
0.31941733839997266,0.08559976618199186,5,1803,170,713.2622921030653
0.9321017947625743,0.18247050262386916,39,1466,65,806.2947926123353
0.4173747250932016,0.18739429959517384,40,553,155,131.45104394989488
0.11028846014354103,0.1856677161203762,13,1588,121,13.0
0.26669261549761136,0.058976306692982365,27,1974,150,913.3060833454344
0.7863874211635361,0.3816855627092406,31,1296,67,250.31637648379152
0.32472331467188364,0.3743661519778082,27,681,89,27.0
0.7409889839568887,0.37461904642779403,15,1362,127,231.29922904713823
0.7722587639039631,0.34708049178331907,43,1090,137,251.88135223763882
0.5185997472648904,0.11549730319159601,49,1609,107,771.5661729162016
0.7396554822609241,0.071741559837249,39,1282,193,927.5964333186146
0.4978948574708404,0.42522673191682536,19,1058,75,28.987824144263712
0.7942408093647366,0.16705197569346858,11,1939,141,986.9787385590656
0.11360859727452066,0.29155970388468827,30,690,188,30.0
0.7335852343895352,0.06396633063440423,33,595,66,444.9105217820918
0.1516932322429352,0.2855024277601907,14,1620,122,14.0
0.49394353784042844,0.3021422524153687,3,1761,178,164.32819050932406
0.6858832028950285,0.09613081929389128,5,1878,147,1176.2866031389608
0.3027568800836778,0.27635152357163567,20,747,188,21.62432498823386
0.34289020936826364,0.36986189791072455,45,737,68,45.0
0.8558606387845703,0.22325503613238823,3,1891,152,817.5401042318645
0.4621950194580988,0.30428173190669994,35,927,144,89.17011927983674
0.1980473140300295,0.32851047040832726,10,1372,71,10.0
0.13239195935795087,0.22717481193295463,43,1712,123,43.0
0.4167995404407008,0.16530325128222426,20,1113,136,286.11060530774347
0.9408520678496172,0.4007978714970691,18,1705,125,414.0221656331603
0.7479774205295412,0.2670268254902483,27,1115,176,349.9775357654416
0.7819236509427568,0.10204594727882377,16,1562,51,1025.8494038624985
0.6374861111216329,0.07430800130332373,4,802,69,540.9478517315699
0.11987017719748007,0.29908267881382045,28,1658,105,28.0
0.9277567949106879,0.31484056006056244,47,604,52,217.9242856282086
0.5064038623283738,0.47340851059090494,6,1579,150,9.167856977284622
0.2426384360252909,0.2064304696434372,47,1464,104,58.55632278360193
0.18920073774517288,0.2943753052660799,40,1688,138,40.0
0.13506554944615068,0.15082970392883904,32,1869,159,32.0
0.8119097993239894,0.2514685517261787,29,1115,187,417.0481100155991
0.6657418314426171,0.10207078935952399,15,929,93,561.2373027954426
0.6743285859741066,0.3950308785116639,20,623,74,80.74094713978945
0.9666404695956824,0.3558737520971417,21,744,126,230.40423865762233
0.2962101158819508,0.2711540674460905,35,891,93,36.20407902851293
0.9252853233529621,0.42265727695579647,17,1060,109,228.6810099233121
0.8163340575793979,0.3138504129921292,11,639,116,181.4336900887186
0.6178530178660366,0.42970166172693564,8,1774,63,103.22875292395084
0.2574808571516441,0.2197426015617333,30,838,174,36.008771429384716
0.8311948477447626,0.4365991148364514,21,1278,168,204.24589178570028
0.7014631699937298,0.09039295862010077,26,1863,95,1214.7437414772671
0.7820534379938853,0.4278826372781511,48,1798,105,271.1473262019176
0.4645418809353721,0.35642415721562143,42,792,89,58.40962337254494
0.2714449057104512,0.10100866372369309,48,1479,187,417.1046981628927
0.7254866196885763,0.3959739997413524,25,1288,189,188.52728434239395
0.3787221237975926,0.16795851202306472,25,1339,101,287.0357460234139
0.7009538301625994,0.10380523922020837,26,1487,110,917.9983024532455
0.8144423409303155,0.3986481244321175,20,508,103,101.60813667082527
0.5755793419640042,0.49553084404683123,1,543,126,6.544753816224931
0.548905543390684,0.15434189336407728,40,1573,152,623.6898125757293
0.8593858704992365,0.13114402022944982,22,684,115,426.1775581013129
0.318371573159616,0.2763171077501352,43,1612,166,53.35083008411819
0.7548390664811634,0.18115938087200995,25,587,50,275.2816495728101
0.5254653541485157,0.2925507160593405,47,778,90,125.82338719889884
0.5582530299050394,0.05095946851300468,43,1568,85,1138.5275563917853
0.575884470954318,0.21704941127622368,47,1857,96,529.6062698371758
0.7908583770673281,0.42465656746904334,16,780,77,120.24456903331017
0.7892295204449684,0.3626164455037631,6,952,161,194.49015157866404
0.6877237297470994,0.24333543685807546,1,1556,178,474.09415047246875
0.8271351124009442,0.40200231034752865,6,1511,151,274.6014621912853
0.5425963917692426,0.3539192346657753,23,1375,111,116.10200181405993
0.542685213829778,0.08024747428146461,30,1768,184,1072.2905699538476
0.15279264390189645,0.08133315954165987,35,982,194,151.37370745916738
0.463117093301152,0.3688340210983281,36,834,117,49.45210609830331
0.17347165553131225,0.23508747245138106,33,1985,166,33.0
0.3063700421355472,0.06381139670789539,24,825,65,402.85050508361013
0.4681680095190145,0.06577016099233517,19,1123,54,691.2540463542244
0.2458444342478491,0.051459689443043174,22,1670,166,801.5249947790146
0.16386455401991257,0.2527735499141771,5,1093,69,5.0
0.4766222852923463,0.42018781205997635,17,1486,124,26.488329510519076
0.4450296397893011,0.3364159433857372,8,1839,199,68.1389403873597
0.8521634128715664,0.2936536212125075,45,715,141,246.511905536352
0.3503663191907671,0.3494917673540723,24,1841,193,24.0
0.7741808729943849,0.2756980742230893,3,1776,182,542.4822946389859
0.38109534249996846,0.1916063724534045,13,1829,111,296.8301327588973
0.8593187251773514,0.3155342598088404,20,906,90,277.76244254832534
0.7171786989007708,0.40673981926464664,6,1375,159,169.34716181879338
0.9558843012301684,0.3094321872508193,22,1170,124,416.15423375713533
0.6337153659859255,0.3993410696588078,32,1252,136,127.26165479508661
0.3875666574221549,0.2885130160079683,3,693,185,27.899644963878057
0.576791874616459,0.1858964599022715,16,1508,120,514.5864431370507
0.16755721172705842,0.11712013333183335,8,1712,64,85.37765976974691
0.5573489360545129,0.4788163440945455,35,1833,108,50.91802862942991
0.8657490707889666,0.06172833939924725,42,527,92,419.95420467578805
0.29102246435774337,0.3009701200382849,23,678,153,23.0
0.40996803277545246,0.09111442673210077,49,791,106,380.5544720455542
0.44910411825440155,0.323255569486308,9,671,98,37.1294263906029
0.3717261269971667,0.11163201269561379,25,1455,124,524.6069915044598
0.4124893311334299,0.18645413836424746,13,1073,96,219.99411392938492
0.8390671318052604,0.056213179557887495,2,964,136,771.1754988549147
0.5637628127075234,0.21964263835356607,6,1565,146,411.5250755321451
0.3717886677108385,0.12125994297308952,4,1674,82,542.7064325405843
0.8251847463898384,0.18406907162697084,31,1406,164,697.5977151962193
0.8593856879638204,0.16491148826949537,9,573,67,310.8717236517688
0.9717400083933712,0.3281217519089172,2,1216,163,406.59426856376587
0.11949447731883828,0.47137373153043216,16,1880,62,16.0
0.18511003377546636,0.11700422009027042,44,612,74,78.08570272578497
0.18794949466182453,0.07069920567414778,17,718,170,194.9654273479339
0.9291343410292049,0.37531175055989974,2,522,197,135.20850358469366
0.8952785564472177,0.3302331680903967,16,916,123,277.9415805252608
0.3396158294571485,0.1947278673178015,28,868,197,114.17343212017639
0.7630139028794183,0.21658242271414546,46,1463,88,595.4401394330764
0.7837568384834537,0.2689627354005245,35,740,64,251.54823961597026
0.4816127676353714,0.2049815843611813,30,1142,196,269.4815096735922
0.9042895415707661,0.4282251615718652,43,1662,79,343.81059550577385
0.233996091807421,0.4766774005135468,17,1479,72,17.0
0.8977266163305856,0.4120578101720337,20,1678,156,353.38693154538623
0.288245998565764,0.08319663719136428,44,618,111,239.8212455964751
0.7810504190469114,0.239895484751099,37,761,162,291.44872783286877
0.22240445172630402,0.2560254442760693,23,574,172,23.0
0.2833307149302623,0.3754396918004683,36,1536,181,36.0
0.9498120710271052,0.46599183137272315,12,1654,52,302.91434654433806
0.7298905890256969,0.2999755501968969,47,1279,61,336.75628568997365
0.7488504987261924,0.06751860293604656,11,658,66,486.6134044156241
0.6552874805453971,0.09890979300187214,27,551,153,337.26406698734803
0.8146656668920714,0.25983628810748827,45,1806,126,654.0184143589655
0.7767144349125403,0.4984869684555993,4,789,174,65.33438214440076
0.13631026395959156,0.33314779066548045,15,901,54,15.0
0.49449895885528816,0.25486053812988496,13,1044,93,165.62271769661726
0.9162425361456757,0.47323891478295854,40,1409,77,248.01740154050978
0.2825263502116495,0.17527782767481132,40,1774,183,178.4100790973427
0.18905256164550965,0.48524282613930675,35,1162,80,35.0
0.7005766001429734,0.48535675972888725,27,1036,63,78.86530794388835
0.10845738915639326,0.12858042506715672,13,1160,61,13.0
0.5078425640532609,0.1033308005201295,1,1394,71,699.0520611076408
0.8080773686974233,0.2914929597271391,39,1627,53,506.7237017530816
0.11495567327707655,0.29758414579948306,33,1983,185,33.0
0.658850994419517,0.1832307753417426,37,1826,194,735.6177888023019
0.9693604860074918,0.15543701313806224,18,1371,174,840.6020511927071
0.12385564111080666,0.2633115642246793,25,1981,163,25.0
0.9478043869619813,0.12874234934691137,2,927,87,610.123079700478
0.5664707033632895,0.4517800542187051,23,1883,104,62.27993914377622
0.6207913544190604,0.125607750029796,37,1957,55,1008.56327388957
0.1814866955422164,0.09629994023095007,33,1523,169,225.26805368647726
0.32748680858835055,0.41412625497882394,49,1027,146,49.0
0.974820064713746,0.19263978853359637,27,839,178,460.9748330310089
0.3254218530493732,0.1802814868766775,19,865,98,117.79209552362096
0.8838448407630006,0.4896903917199978,42,1477,119,221.00663699449288
0.22582280712481595,0.3851651781389434,7,527,87,7.0
0.9026187866122017,0.47929000255273857,20,1378,89,215.99427639249438
0.5891660402027266,0.41150421709878704,25,1990,103,125.2600305799254
0.7354761188526553,0.40840493036109676,23,1180,159,165.90640666155883
0.7269799859404699,0.2574094713205541,30,1701,126,533.4990614334297
0.23565304482084495,0.12412264231566394,30,1972,112,291.3733247585383
0.8383331383564765,0.43460584178105854,26,1525,172,252.9489627387258
0.8481963816492827,0.10721051769381013,7,1287,85,854.1967230047215
0.19250454356675173,0.2455637139811735,24,1780,93,24.0
0.8388929165791771,0.34323869821790076,44,1429,154,378.29740332474984
0.15814576036503558,0.0660048896441875,4,857,57,183.74197198484043
0.2632439901672261,0.13538805687559732,44,1457,152,239.95712427894688
0.8149769144606052,0.27392835042994673,33,1536,54,517.9192041342443
0.19071409763025315,0.41083856180082134,17,1519,199,17.0
0.8012108154822206,0.3293985228693439,32,813,147,217.1321105457213
0.8714229211592223,0.27972113090113504,15,701,105,253.06009913295736
0.959964111802707,0.0878270146522922,9,1656,197,1241.819675245884
0.46151261510023034,0.30885085497783354,36,926,128,85.87003854595724
0.41340253894605006,0.3001126518846533,29,1430,158,83.61925376996709
0.30313448177817603,0.3726783878557708,3,1260,94,3.0
0.27475176907363424,0.09688259155469192,23,1098,178,327.01083915186405
0.19022628069448833,0.0603093062410008,15,909,64,301.8986120959132
0.23997483046753137,0.15176980414170815,27,1678,88,151.45766238619086
0.17303151440377712,0.4617994630825172,15,1795,105,15.0
0.5579004378202401,0.3177911238975766,39,1070,170,149.56041528372361
0.2126499822373985,0.14458108219094232,20,1950,82,128.8814321547451
0.7882465269806138,0.2721490241807642,38,1871,145,612.4563802104833
0.6811893733445328,0.22422067672449503,42,1135,91,392.1534354056688
0.43822014117351493,0.39177800935426643,1,603,88,4.478574879057903
0.8174136030055886,0.43491879611038803,18,948,116,148.94091971620696
0.45237005752324133,0.12057060987932633,18,1067,80,435.7980317958623
0.47314915670590585,0.11803515940950476,28,1871,150,808.0519222034528
0.9929012435125659,0.16004267956093887,33,892,156,551.8871649303596
0.9470736494081023,0.3064164394409222,44,546,104,208.15083138558
0.4496525758739418,0.05700274818074282,41,976,114,629.7746240429238
0.8839138393511745,0.12552479797820384,45,1354,196,873.8317564751051
0.5772211016371197,0.1518584002715444,27,996,195,421.6618223125458
0.8325488514549609,0.45944931844961223,5,1632,196,218.66637445842304
0.8703217004071051,0.22656887515805146,30,1062,166,471.0466103427491
0.3178934993682251,0.26435393587690276,15,1012,111,28.337785997163756
0.5395213825792254,0.44606126693714904,37,1236,128,52.433286409431254
0.997051972893992,0.08005408854882627,16,1048,142,814.0280257893671
0.3514756624949795,0.10068987972776713,45,1956,95,741.0936638644753
0.4164402670386804,0.26400015997911647,44,1658,93,162.9540003102259
0.11208415493619091,0.18901906827877746,43,1520,70,43.0
0.5437336596490326,0.17869431361276977,35,1513,73,508.75532855857284
0.5924339832174463,0.4129296892812003,11,1794,103,105.28956442608794
0.8829755917024694,0.2659784035565958,18,1271,111,485.83692950021776
0.3146954058653149,0.09549192719076832,13,802,101,283.7613025943149
0.7080057520272006,0.382060076478164,39,1726,93,262.5857897290852
0.8458859273173633,0.055718713506226245,32,975,141,782.927226836342
0.8348208730945162,0.11692733526775297,25,1516,103,969.0820220534553
0.7691287079821644,0.06872105368195508,7,1718,69,1278.2257145375743
0.8876096119207453,0.18414232512364753,24,1829,63,950.4476878562825
0.7549680088353535,0.13526418903756598,33,1031,73,584.6743409457132
0.4733790430373719,0.3199141965383802,27,793,149,68.69172992043006
0.35993093899769624,0.16346059454561998,34,811,167,175.58987812058552
0.1562493143705416,0.33398611698471276,16,1527,167,16.0
0.25539225681871025,0.3927530796478243,34,1062,104,34.0
0.5983927325696445,0.2517160944590002,19,1329,156,317.675087564721
0.37261490775956874,0.20667927322034846,33,802,119,118.64744478340239
0.5569064305513605,0.4906281086994609,11,1915,130,24.44410437654941
0.406777307222423,0.09593385945804134,28,1804,169,810.2573185151366
0.7740873163567029,0.31044542125695773,44,1447,137,392.94076076448584
0.6833613161246157,0.4724264342987362,3,798,132,47.55169416828084
0.5504214972366656,0.23622233366225331,21,783,136,184.50316937893996
0.9909305728587424,0.31589964040958074,29,628,169,236.03412985163123
0.9560603061806581,0.3941160777211139,26,1142,162,300.3043877501012
0.18475353116686466,0.3111417007915759,24,551,135,24.0
0.16453958713987438,0.17024362520824785,25,1386,54,25.0
0.10340439757582569,0.1596867966700937,43,1445,149,43.0
0.2881715743319836,0.48669538395576195,15,594,139,15.0
0.6791042635559388,0.11259995540015247,5,1788,101,1031.450831752903
0.7075168342756214,0.40465412294197806,13,619,186,80.97414571081401
0.3413899789775363,0.4850302545522315,21,735,138,21.0
0.8993129043289567,0.12986497089851995,34,844,167,538.4906037577435
0.7158529729762447,0.33801644304806133,33,1991,108,394.5379464905734
0.5345788128841936,0.38515518161583057,31,623,194,52.34068711430136
0.451415977797333,0.1288480864732005,41,1273,175,493.0596330276237
0.12021058332273603,0.05486624651418977,27,783,119,160.2951292574794
0.9245928591118355,0.3220570971806376,34,1837,156,604.0501052724148
0.4576242924767009,0.15973204785206332,47,1110,147,352.2809482492348
0.8854854861269293,0.26747205204728347,43,903,52,357.38617941586267
0.5042627751266977,0.11670366459538842,14,649,89,300.1439563856848
0.13622739555740326,0.13642463689458795,11,844,160,11.0
0.6593800483836262,0.22714224096227287,5,1811,189,570.694008948148
0.5694791198721638,0.2904398524125409,32,1494,52,251.83851490766233
0.5808186059595383,0.2856817627608133,48,802,93,163.57989315952997
0.3488470094520686,0.19000226562856753,27,1877,111,258.46804058054136
0.8611300456367224,0.12541304275085055,49,1052,178,666.9367904966921
0.6361259429659761,0.49756625510936936,40,1767,100,80.62387974712175
0.40483029067284126,0.17145106821449904,5,1724,195,388.2503727335775
0.3022193948551803,0.42371149709460093,41,1589,128,41.0
0.1543427110557298,0.20653370394682397,18,1354,59,18.0
0.7839241606682008,0.20240381877487318,1,1720,175,743.4192486299551
0.8621744455108512,0.16937090136451563,40,1852,141,1004.3305581207119
0.3381630635028875,0.41175920189609994,16,1354,77,16.0
0.3296361723997153,0.4464738456599151,9,1616,76,9.0
0.49871230817980305,0.3115796372320074,17,1591,108,147.51453149944462
0.8547936777071071,0.378324583282363,6,519,88,116.91606917388546
0.9339903735908172,0.4598082570125584,31,666,129,135.6579762192072
0.7353849751710458,0.23518223569123692,3,1358,142,473.5332190493046
0.19659716134011362,0.09098778546893997,14,1116,184,213.20958666556726
0.7779458106862458,0.18889605522737246,12,1897,182,863.9641150311795
0.799077645311457,0.18948772845343914,37,1989,95,937.5530067219757
0.23725638657884215,0.35299760778948663,40,1222,65,40.0
0.8290343732196809,0.3994442279091691,37,1929,52,376.1294947018515
0.9457413519142329,0.2451237431072002,37,578,173,267.53504730674126
0.3402282224105602,0.36552829179813645,32,692,157,32.0
0.3358373923918524,0.32533022981622517,36,1164,95,36.004335807585264
0.21328077074632418,0.06071015665565412,21,1832,173,679.5284778153003
0.8006459313851773,0.15596723039896337,31,1061,128,575.2644630300188
0.4940319969168916,0.25783253151294505,31,1589,152,251.31018948713216
0.8895680082443612,0.1198006600230047,35,1671,179,1095.2338600264166
0.5787378899546115,0.453012315897243,22,1371,55,54.60909771133629
0.5967356209638366,0.20949364012735427,11,1747,82,534.5643594869081
0.29251018246430893,0.13133374762070482,13,781,152,161.27178711114965
0.41012099153138126,0.4787172932448241,14,1205,105,14.0
0.9638723700492383,0.3106659318585753,9,1258,136,446.58974701564864
0.6157328754752716,0.44473288057854854,38,890,61,69.80710678656888
0.15412072039119384,0.36475018902988077,16,620,77,16.0
0.6878990159641363,0.09281942154872608,20,820,96,524.9681698101605
0.45559361792682085,0.23598142737093958,2,1573,171,235.3246386891621
0.5326053893461635,0.27355617809153027,21,1250,177,203.36863332034892
0.718123159958967,0.14389774695556462,35,1089,143,571.1511029113915
0.2357372682387239,0.11174410878220656,27,1352,165,252.8389177174453
0.9017127309490739,0.4030693933293769,19,792,169,179.7174836932165
0.8924728905283795,0.13745350496789924,33,714,162,446.20575685378134
0.10161849783582327,0.382029120418138,26,1223,92,26.0
0.5011272334068229,0.38592012475351223,8,1496,187,50.946619921207905
0.7398475844734688,0.3513363468239762,42,1386,145,282.3397246777248
0.6976052881456043,0.28141759543579037,21,1692,103,434.82857142006355
0.98146849258677,0.12486114229806716,19,1128,161,762.6115000499608
0.45849824683405194,0.3939308260352143,15,1976,60,34.3028686283476
0.6025408481598192,0.09175116840197531,10,1527,171,916.8096196468674
0.7299115476673345,0.11004821473928142,12,1997,113,1223.1504735194012
0.649530430363664,0.3542658841651463,48,1831,113,273.8567847568821
0.5306808057451291,0.3140062973678011,20,1465,157,164.55321251310107
0.3094414727654201,0.33238501026102774,43,634,74,43.0
0.7558582051488131,0.35565478910524123,4,1212,166,234.80976477555032
0.34002103319615895,0.475789204901775,30,1408,177,30.0
0.7820174446563591,0.4687599844945885,15,1380,188,150.6663734970924
0.7565886649405934,0.336290343730824,15,1445,129,316.26314734652544
0.9772150577613096,0.11026875404265496,9,668,50,472.18823237575907
0.9663283690730278,0.2659331736515829,17,1713,72,717.7359700894133
0.42175371390571814,0.4695303032537534,41,1229,178,41.0
0.769660832039884,0.22260411679776043,31,1415,126,560.9399604796373
0.38755367948102415,0.4362020816689042,12,1528,84,12.0
0.6938073296867965,0.14922224874811865,22,1619,168,806.3702360683506
0.3215701243825097,0.4727449855792412,48,1003,139,48.0
0.9333716474187264,0.2987983095396042,40,1514,56,556.1388363299574
0.8263664047840864,0.46330470546515523,46,1661,178,238.8053134319839
0.4774791592221834,0.16324538527651722,12,999,60,313.2825715313459
0.5309715848344663,0.4582072308977754,4,1722,60,20.925319160597653
0.7301448173967289,0.3457249800743686,38,1435,194,291.77150976915345
0.6049332119732067,0.2436194162092033,12,1868,91,470.2823891176571
0.5050211717757839,0.16414726052843243,45,1504,74,513.263311321967
0.11544983834322443,0.318609263119893,32,939,114,32.0
0.8854512663570773,0.44151098004275985,16,663,131,122.86638374566124
0.7039031176930695,0.4277521960729513,38,1807,83,199.9906106759667
0.8823098633675442,0.3091927062389135,9,1767,82,564.1659801429495
